guid,text,tag,img_path
8,"Energetic training today with our San Antonio New Dollars/New Partners trainees 
",positive,data/8.jpg
1576,"Let your voice be heard! 18+ #endsuicide #blithe #selfharm #thinspo #bonespo #edo #hurt #cut 
",negative,data/1576.jpg
2320,"RT @Austin_Powers__: Shark Week would be so much better if the sharks had laser beams attached to their frickin' heads. 
",positive,data/2320.jpg
4912,"#TheTruthCaster http://t.co/S8jvqpKq5h
",negative,data/4912.jpg
3821,"RT @jarpad: Hey #WBSDCC look what we're up to!!!! @JensenAckles @paulwesley @iansomerhalder 
",positive,data/3821.jpg
1306,"@CogTn: How do we get fresh oil? Separate the flesh from the SEED!#crushed @bryancutshall 
",neutral,data/1306.jpg
4555,"RT @DailyMailCeleb: Little Mix's Jesy has been showing off her engagement ring ? http://t.co/awZnuVyjDc http://t.co/YPDUXrrhgA
",positive,data/4555.jpg
259,"@bexmader recently I got a #wicked t-shirt! ? you like it? ? 
",positive,data/259.jpg
3216,"Absolute loml, my beautiful & kind hearted baby boy 
",positive,data/3216.jpg
881,"#Grim band logo of the day: Sabbat 
",neutral,data/881.jpg
1037,"New #drawing #illustration #art #epic @2DArtbot #pen on #paper #awesome #strong #woman #girl #creativity #happy :3 
",positive,data/1037.jpg
2463,"RT @MrCocoyam: So my homeboy just got his heart broken 
",negative,data/2463.jpg
3760,"Outdoor rehearsing is always fun hot pole podium & wobbly poles. @rockandbikefest are you ready to be Thunderstruck? 
",positive,data/3760.jpg
3102,"New review up on my blog of An Imperfect Princess by Catherine Blakeney! 
",positive,data/3102.jpg
4074,"This is a great quote. Dragons can be beaten! http://t.co/LFNcLzaIqs http://t.co/W7aPkoeqaj
",positive,data/4074.jpg
2155,"RT @billoberstjr: With the great @SuzeLanier at #EgyptianTheatre in Hollywood. Her new film #Cut is getting buzz htt¡­ 
",positive,data/2155.jpg
5009,"RT @ALLCAPSMARVEL: overjoyed - bastille http://t.co/Sp6ci4Zdwh
",positive,data/5009.jpg
3292,"RT @metrotoronto: Shooting victim Lecent Ross remembered as vibrant, loving and happy at Rexdale community vigil htt¡­ 
",positive,data/3292.jpg
3599,"EUC! Banana Republic Ruffle V Neck Button Down Cardigan Gray Small Beautiful $70 
",positive,data/3599.jpg
1061,"#winter #northumberland #February #bleak #frozen #landscape #view #cloud #sun #frost #snow #dramaticsky #sky #storm¡­ 
",negative,data/1061.jpg
3927,"RT @Nunastic: Worshipful rabbits at Longthorpe Tower #BAAPboro #BAA2015 
",positive,data/3927.jpg
4461,"New York Giants Adult XXL Distressed-Style Zippered hooded jacket. http://t.co/EWaW0RJROW http://t.co/rDwl8dQlEs
",neutral,data/4461.jpg
716,"RT @terrellcwoods: Early run to @GrandCentralMkt. Really dig this place. Hoping the #springarcade can be as vibrant soon #mydayinla 
",positive,data/716.jpg
2505,"I could easily move into one of these houseboats in Victoria's Fisherman's Wharf. So bright and cheerful! 
",positive,data/2505.jpg
1803,"#Extremely #Proud #Delighted #ScottishBand #BreakTheButterfly #HardRockRising #HardRockEdinburgh votes still coming 
",positive,data/1803.jpg
2157,"RT @Weather_West: Remarkable,persistent warmth continues across entire Western U.S.;snowpack almost universally dismal.#cawx #cadrought htt¡­ 
",negative,data/2157.jpg
1612,"RT @SelinaAlko: THE CASE FOR LOVING is a Junior Library Guild selection! #overjoyed @sean_qualls 
",positive,data/1612.jpg
4052,"-De vita Beatae Mariae Magdalenae http://t.co/qL5QkOLhcF
",positive,data/4052.jpg
3641,"RT @artintheage: Sunny days & a SNAP Mint Lemonade: 1 part SNAP to 3 parts sparkling lemonade. Garnish with mint. Cheers! 
",positive,data/3641.jpg
5097,"  #FanArmyFaceOff #Directioners http://t¡­
",positive,data/5097.jpg
2358,"RT @BrionnaLondon: I hope my roommate cool cause this me every morning getting ready for class ? 
",positive,data/2358.jpg
349,"Daughter is infuriated by her father's wrong lyrics to 'Frozen': 
",negative,data/349.jpg
4710,"RT @DailyESSEX: #Essex: Housing campaigners fuming after protest placards are stolen from gardens http://t.co/coFV5e3GQR http://t.co/deqXu1бн
",negative,data/4710.jpg
2991,"RT @BarnhillKohlkkq: Fast and Furious won't be the same without you #TeamPW #RIPPaulWalker 
",positive,data/2991.jpg
459,"Rough night #black eye #beaten #fxmakeup 
",negative,data/459.jpg
1737,"WE STILL AT IT D/L THE #outcAst EP HERE 
",negative,data/1737.jpg
1993,"You dont need too many friends to be happy, the real ones are worth cherishing. Good night ? 
",positive,data/1993.jpg
116,"#Broadway #Play ""#Disgraced"" #Pulitzer #Prize #Winner by #AmirKapoor. #NYC #TimesSquare #NewYork #Manhattan #Theater 
",neutral,data/116.jpg
2949,"Great to meet @LucyBronze. Our hero! And we do not support B'ham! Sophie got flustered and messed her lines haha 
",positive,data/2949.jpg
2792,"RT @SimonNRicketts: Lewis Hamilton's empty seat at Wimbledon after he was turned away. (Story: 
",negative,data/2792.jpg
1580,"@DayanNajar feeling so #inlove,#crush #infatuated, #wird #enjoyable #melting... And mor¨¦! 
",positive,data/1580.jpg
2021,"??CORAL ENHANCEMENT?? Want The SPARKLING 7/1 MAN UTD To Beat Preston (While It Lasts)? 
",positive,data/2021.jpg
4843,"RT @leatherfaceword: @JenJenisha i am not gonna kill you... I am gonna hurt you really really bad ?? http://t.co/4wO6iRpdb5
",negative,data/4843.jpg
4827,"RT @nationaljournal: Supreme Court term limits are popular, bipartisan, and hopeless http://t.co/jk0yhzIHe7 http://t.co/KitivHcVTU
",negative,data/4827.jpg
3119,"New Deal #6701 HP 6530b Incomplete Laptop Notebook Intel 2.53GHz Core 2 Duo CPU 3GB RAM NO¡­ 
",neutral,data/3119.jpg
3298,"RT @TheDSWF: Much maligned - Africa's most endangered carnivore. Find out more & donate to help them 
",positive,data/3298.jpg
4541,"RT @cuphaek: ""donghae why is the cookie jar empty?"" http://t.co/po7WkIknOg
",positive,data/4541.jpg
1952,"Bridges Burned (Entangled Teen) (G¡­ 
",negative,data/1952.jpg
1839,"RT @voodumamajuju: Barren waste land 
",negative,data/1839.jpg
2127,"RT @fangirlwhowaits: @heatworld @Anythingbatch so please, before you say that all his fans are devastated and heartbroken... 
",negative,data/2127.jpg
3872,"RT @GameOverGreggy: Just met Batman Beyond @willfriedle. Glad washed-up Batman Unlimited @RogerCraigSmith was there to ruin it. 
",positive,data/3872.jpg
3023,"RT @kamrsa1: Just 4 days remaining take the duaa from your mother because your mother duaa can bless the happiness and more 
",positive,data/3023.jpg
2351,"@GabbyLogan my son aged 12 born Down Syndrome and beaten Cancer twice took these photos he's amazing. 
",positive,data/2351.jpg
4507,"GM Ruston Webster talks Mariota signing: http://t.co/7jkuFc0HGA http://t.co/cbJ¡­
",positive,data/4507.jpg
600,""" drink water whenever you think of food"" #empty #oops 
",positive,data/600.jpg
1516,"If you're curious of barker cypress #wrecked 
",negative,data/1516.jpg
4601,"#FailedGOPLeaders 202-224-3121
",neutral,data/4601.jpg
1046,"RT @ChaosChloe: #Chaotic Mind!! That was really heart felt. Thank u @SPARCEO 
",positive,data/1046.jpg
1227,"Wedding photo bomb courtesy of random old man #stunned 
",positive,data/1227.jpg
4378,"http://t.co/SiqBd7SSHN http://t.co/PbnuVINxs1
",positive,data/4378.jpg
4357,"RT @TheWeirdWorld: If you think depression isn't real... http://t.co/AmviyBx9Kp
",negative,data/4357.jpg
4094,"RT @acya_5: 出来れば2位?とか言ってたのですが、どこのギルドさんも夜が活�kで、そんな��かい�{整�o理ゲ�`全力投球でした??(?^ω^?)??まぁ、奇�E的に6人ラスアタミスという大チョンボして2位でした。��画通り(   �B-�B   ) http://t.co/haDnb…
",positive,data/4094.jpg
5027,"Paralyzed?_? http://t.co/xLLOSfoKMF
",positive,data/5027.jpg
1969,"RT @Citi973: My encounter at Ghana¡¯s ¡®chaotic¡¯ passport office- @UmaruSanda |See more here: #CitiNews 
",neutral,data/1969.jpg
4754,"Ò¹Ê³¤Î¥Ê¥ó http://t.co/WVws6BSpdy
",positive,data/4754.jpg
861,"#AsILayDying #Forsaken #Music - We found ""As I Lay Dying"" - ""Forsaken"" for #free on audiom¡­ 
",negative,data/861.jpg
136,"RT @AnglinChanel: yu haven't lived til' you've chewed, sucked, & gnawed pon dis.. ????? #Caribbean #TeamJamaican 
",positive,data/136.jpg
4466,"BEAUTY DAILY DEALS : http://t.co/JoJzMBzAMQ #8173 Nike The Eyes Lead The Body Eyeglass Storage Case ""Distressed"" бн http://t.co/Ysr1JbC8Ul
",positive,data/4466.jpg
4916,"RT foxaustin ""State officials: Texas Gov. Abbott's vetoes may be invalid http://t.co/Bawgq5xqQa #FOX7Austin http://t.co/8rJ3OF5JfT""
",negative,data/4916.jpg
1025,"RT @AstroTerry: #speechless from this #sunrise 
",negative,data/1025.jpg
4922,"Transpo Chair discusses connecting isolated comms w pub trans that imprv mobility but also tourism potential #NYmoves http://t.co/bnlK0PzXPN
",positive,data/4922.jpg
1233,"#Time #approaches ¡ú 0 ¡û #and #thrilled #good !! 
",positive,data/1233.jpg
1173,"Wild Photo: #Bleeding #Heart #Baboons 
",positive,data/1173.jpg
532,"#WhyImSingle @justinbieber ruined my life. But in the best way possible ? 
",negative,data/532.jpg
51,"Martha said for Valentine's Day she wanted a heart shaped pancake for lunch. Being the doting husband I am¡­ 
",positive,data/51.jpg
3008,"New of Steam on Ebay Grim Legends 2: Song of the Dark Swan Steam Key 
",negative,data/3008.jpg
1578,"? and I thought this was going to be a good day #hurt #JohnnyCash #sadturnup 
",positive,data/1578.jpg
4945,"RT @kankore_erogazo: C85ÐÂ¿¯¡¢ http://t.co/2aOn3luE6t http://t.co/0VNHDSqLY7
",positive,data/4945.jpg
2572,"Marca | Casemiro will cut his holidays short and join Real Madrid sooner than expected. #HalaMadrid 
",neutral,data/2572.jpg
173,"New kicks from @tenniswarehouse #delighted 
",positive,data/173.jpg
3439,"RT @ArianaGrande: pouty but overjoyed I swear ?? 
",positive,data/3439.jpg
755,"Wet n Wild Mega Last Matte Lipstick DollHouse Pink 967 Lip Color Ships Fast! 
",positive,data/755.jpg
2918,"RT @ZozeeBo: #SUGGMONDAY instead of #SUGGSUNDAY this week. Been in bed all day with lady-womb-pain so video isn't finished. DIS ME 
",negative,data/2918.jpg
1417,"RT @Mummydee23: Worship my feet you #pathetic #worthless #footboys get and lick the dirt and sweat off my #dirty #Soles #footfetish 
",positive,data/1417.jpg
3152,"I just rescued Karma in #BestFiends - Download FREE - via @bestfiends 
",positive,data/3152.jpg
121,"@Melissa_Landers look what came in the mail today. I'm so excited to get started. Yay. #alienated 
",positive,data/121.jpg
780,"My stoner Stepdad installed a new porch light for me. Notice anything wrong? 
",negative,data/780.jpg
4319,"RT @Apostleshipsea: We're delighted to be part of the #BigWelfareDebate at #LISW15 http://t.co/eg6eSJaN7E @LISW15 #seafarers http://t.co/3h¡­
",positive,data/4319.jpg
1191,"#fishing #Willow #Strike #Spinnerbait #Colorado #Bleeding Love the 'bleeding' red idea and¡­ 
",positive,data/1191.jpg
1573,"#Horrified #BMovie #Victims #Playset #Swagshop 
",negative,data/1573.jpg
1406,"#RT @vjalabert 5 Ways to Embed Your Organization With a #Culture of #Happiness via TLNT_com 
",positive,data/1406.jpg
3955,"RT @Shyannaxx: When you realize you spelled something wrong in your tweet a day after it was posted @TaniseMarkia143 
",negative,data/3955.jpg
2904,"RT @YouChoices: Would you rather? 
",positive,data/2904.jpg
2721,"Why are you feeling dispirited? Take the quiz: 
",positive,data/2721.jpg
58,"RT @MyDreamBiggest: @AndreaNavedo Jane's baby not even born and Xo is already drooling he ... It's going to be a doting grandmother. ?? htt¡­ 
",positive,data/58.jpg
3149,"RT @sillyharry: i lost my sneakers in Israel so now i have to use my grandmas :) 
",positive,data/3149.jpg
3690,"I'm playing @pixtaword and I'm stumped with this one, can you help? 
",positive,data/3690.jpg
3243,"Birthday fruit cake! And on her left .... 
",positive,data/3243.jpg
3476,"Dazed, confused, perplexed or just a sexy pose? I don't know which? 
",positive,data/3476.jpg
1393,"Todays premiere is sold out! Pulitzer Prize winner #Disgraced by Ayad Akhtar! 
",positive,data/1393.jpg
3362,"I once got mistaken for Josh Todd of Buck Cherry ? 
",positive,data/3362.jpg
1552,"Kung maging tayo, sayo lang ang puso ko. ?????? ???????? ?????? #Black&white #Happiness #eyebags 
",positive,data/1552.jpg
2348,"RT @bdnews24: ""Congratulations Bangladesh Tigers. They have beaten Pak, Ind and now SA. This is the new Bangladesh."": Shibly - ?AFP 
",positive,data/2348.jpg
1863,"Dont be bitter today be better ??? 
",positive,data/1863.jpg
3003,"RT @CNN: 'Minions' grabs second-biggest U.S. animated opening ever 
",positive,data/3003.jpg
1949,"Nada de novo. Tudo j¨¢ foi visto muito por a¨ª. Mas ainda t?o atual. Adoro?? #valentino #shoes #destroyed #jeans #de¡­ 
",positive,data/1949.jpg
2137,"Devoted to your sweetie? Show your commitment with a New Mod or Manufactured Home! #ShareTheLove @GoVillageHomes.com 
",positive,data/2137.jpg
4500,"ef-a tale of melodise¡ºebullient future£¨Japanese£©¡»  e6"" http://t.co/FnuwiZ9H5q
",positive,data/4500.jpg
2823,"Co-Parenting Guidelines for Estranged Couple | Iyanla: Fix My Life | ... - #howto #how 
",positive,data/2823.jpg
1021,"#SPEECHLESS. Deah & Yusor were just married in December. #ChapelHillShooting 
",positive,data/1021.jpg
3103,"For any other Imperfect Parents - want to forgive yourself and join my club? 
",positive,data/3103.jpg
4981,"RT @tanutinn: Japan PM mocked on Internet over model explanation http://t.co/xudJ7DM4yr http://t.co/H1Pi371U9E
",negative,data/4981.jpg
3110,"RT @pokellosexxy: Life has taught me that a person with no self Respect is incapable of respecting Others! 
",positive,data/3110.jpg
824,"RT @laurentbaheux: Cheetah's Eyes, Namibia 2004 ? print 40x40cm from 180ву - contact@laurentbaheux.com - #Wild http:бн 
",positive,data/824.jpg
1999,"Valentine's isn't really about the fancy surprises, it's about cherishing the whole moment with your loved one. 
",positive,data/1999.jpg
1769,"RT @HorrifyingPage: Found in an abandoned building. 
",negative,data/1769.jpg
4038,"RT @haaretzcom: American Jews frustrated, alienated by Israel¡¯s religious government http://t.co/yLBMsrAjyd http://t.co/Ww66FQMs46
",negative,data/4038.jpg
2499,"RT @BadgerBalmUK: Beat #midweek blues & #win Badger Cheerful Mind Balm. RT & follow @BadgerBalmsUK to enter. UK only Closes 12/07/2015. htt¡­ 
",positive,data/2499.jpg
4287,"RT @fIowerhun: i love how exo can be a double million seller but cant cut cake http://t.co/mF3w3Z5oni
",positive,data/4287.jpg
4913,"RT @DarthVadersBack: Harry Potter dressed as Boba Fett, your argument is invalid http://t.co/Xee5LJPC1q
",negative,data/4913.jpg
3181,"With temperatures around 90 and the humidity the result is the heat index below. Take it slow with the intense heat. 
",neutral,data/3181.jpg
4578,"@CampInvention They are having SO MUCH FUN!  I love how enthusiastic they are when I pick them up each day! http://t.co/jGeWRQFAy8
",positive,data/4578.jpg
1446,"RT @Vanessa62114: Hey @Chobani where are all the toppings?? I was so looking forward to having my favorite yogurt! #empty #disappointed htt¡­ 
",positive,data/1446.jpg
1269,"honest image of a #violent #vengeful #needy #god ... #jesuischarlie #image _it's all about #perspective & #intention. 
",negative,data/1269.jpg
2803,"RT @Trailmixnarry: He's like an energetic five year old I love him so much 
",positive,data/2803.jpg
1099,"@missuniversechina 2013 Jin Ye makes¡­ 
",positive,data/1099.jpg
96,"Picture Frame #Distressed Red Black #Sentiment How Sweet It Is To Be #Loved By You #etsy 
",positive,data/96.jpg
749,"RT @MagicLolitaxo: When you wake up and realize your life in Georgia is the most boring thing ever compared to @gordon_wild 
",positive,data/749.jpg
489,"Cop Charged With Assault After Man Left Paralyzed 
",negative,data/489.jpg
3464,"RT @Paradoxy13: It seems the partial collapse of Aleppo Citadel wall was caused by regime bombing of a rebel tunnel, not vice versa. http:/бн 
",negative,data/3464.jpg
4910,"Antique WW1 Porcelain China Field Hospital Invalid Feeding Cup Red Cross Allied http://t.co/OPH0Yd0H4X? http://t.co/LqosTf5DTK
",positive,data/4910.jpg
5000,"? http://t.co/6poORp0o7u
",negative,data/5000.jpg
2717,"Why are you feeling dispirited? Take the quiz: 
",neutral,data/2717.jpg
939,"@rjfapelacio nanggahot. Haha. :P #euro #impotent 
",neutral,data/939.jpg
4944,"MAROONED BY TESLA! FIRES, POSSIBLE HACKING DEATHS, MULTIPLE DEFECTS. OWNERS?LAMENT https://t.co/hhEYzFNWh6 http://t.co/ljwtGdNJ43
",negative,data/4944.jpg
4560,"RT @BlackAurora_: My #drugs ??? http://t.co/mnUTa2ymlt
",neutral,data/4560.jpg
4471,"Why do you get distressed so much? Take the quiz: http://t.co/csgAT6GyIZ http://t.co/wubmj6r2nZ
",negative,data/4471.jpg
313,"Another @DaveMoran89 penalty flies past a helpless goalie (after bouncing twice) 3 out of 3 for him now #letissier 
",neutral,data/313.jpg
3002,"RT @Amber_Montana: California's gloomy weather got me like https://t.co/DDaxSDGyUb 
",negative,data/3002.jpg
204,"(with a slight bit of fear) 
",positive,data/204.jpg
4082,"http://t.co/5fsXX9xTeV http://t.co/бн
",positive,data/4082.jpg
960,"RT @FriendsElderly: Loneliness is as big a risk to health as smoking. Help end #loneliness. Text BE A FRIEND to 70300 to donate ?3 
",positive,data/960.jpg
740,"""@zaynmalik: Wicked day yesterday :) xx delete 
",negative,data/740.jpg
31,"@ipaca_official @NTChoir great valentines treat singing all day with fellow enthusiastic teachers :-) 
",positive,data/31.jpg
3324,"""The State of the Comic Book Medium,"" a recent podcast from mit_cmsw: #comics 
",positive,data/3324.jpg
264,"RT @boredpanda: Gloomy Watercolor Cats Slowly Bleeding Into The Paper (12 pics): #watercolorpainting #cats 
",negative,data/264.jpg
1922,"RT @DanielleDonnely: hardly see me was TOO DARK! at the Red Carpet BFI Film vest, #wild / professional photo coming soon what got taken ? h¡­ 
",negative,data/1922.jpg
3424,"Trailers For Robert Kirkman¡¯s Possession Series ¡°Outcast¡±! #SDCC 
",negative,data/3424.jpg
1192,"by youngwildanfree160 ""On vit mieux lorsque l'on attend rien de personne."" #coup #de #blues #mal #moral #a #zero #I¡­ 
",positive,data/1192.jpg
4603,"RT @tobe_tobi: http://t.co/TileyCS31W
",positive,data/4603.jpg
570,"Sissy made me oreo-filled pancakes!!!! Fattening but who could say no to these sinful indulgence??? Ehe 
",positive,data/570.jpg
2668,"RT @VoiceBosnia: A Spanish U.N. soldier in a destroyed street of Mostar, #Bosnia, 1994 | SEE MORE AT #History http:бн 
",negative,data/2668.jpg
1645,"#LiveFromCzm by Photo by @karenzetina Lista para el baile?? #sobrina #carnaval #happy #enjoy #goodtime #cozumel #In¡­ 
",positive,data/1645.jpg
3271,"art by Cody Rocko http:бн 
",positive,data/3271.jpg
89,"Ecstatic to be holding the first print copy of Wind In Your Sails. #biz #author 
",positive,data/89.jpg
3975,"Auth. Chanel light Beige Caviar Leather Zippy Long Wallet ~ Picts in the Descrp. - Full re¡­ 
",neutral,data/3975.jpg
3397,"RT @Xbox: RT for a chance to win a @GearsofWar #XboxOne. #XboxSweepstakes #SDCC Rules 
",positive,data/3397.jpg
3638,"#5783 SK-II Color Clear Beauty Eye Shadow EYESHADOW 11 Sparkling NIB Japan 
",neutral,data/3638.jpg
1228,"@Plowin_Donny Am I now? *Maribelle was taken aback, not exactly certain what he meant by how tooting she was.* 
",positive,data/1228.jpg
2744,"RT @Allan_Galeano: Hey @TimGettys, check this out! Dream come true haha 
",positive,data/2744.jpg
4545,"RT @LouiseArnold5: @SDDC if the bin men only empty half your bin-does that mean I only have to pay half my council tax! @DarrenArnold76 htt¡­
",neutral,data/4545.jpg
730,"RT @oldpicsarchive: WW1 submarine with a hull number of U-118 was found washed ashore on the beach at Hastings, Sussex, England, 1919. http¡­ 
",negative,data/730.jpg
2958,"Hummus tahina @sweetgreen , Foggy Bottom, Washington, D.C. 
",positive,data/2958.jpg
1717,"#earrings #Silver #Round #Medium #Cubic I really love these hoops. Haven't taken them off бн 
",positive,data/1717.jpg
1324,"Thank you @WedFlowersMag for featuring Sally' designs in your March/April issue #delighted ? 
",positive,data/1324.jpg
4312,"RT @LanzaroteWorks: Delighted to present @grasshouseuk at @WaitingRoomN16 for a three night residency! https://t.co/tMjWHhiTP2 http://t.co/бн
",positive,data/4312.jpg
3374,"RT @nnguerrero: Muy buena la historia de estos gemelos mezclados al nacer: The Mixed-Up Brothers of Bogot¨¢ 
",negative,data/3374.jpg
4430,"Zenith bank Chairman, UBA disgraced.. CBN Governor might be in trouble for bringing Tony¡­ http://t.co/H55NonXhf5 http://t.co/HF8bi0Zs07
",negative,data/4430.jpg
3945,"RT @Supreme_Tay: SHE REAL LIFE WRECKED THIS HO 
",negative,data/3945.jpg
290,"happy valentines day to me from me ?? 
",positive,data/290.jpg
4061,"#BLF are kind of terrorists who cry loud after been beaten up by someone stronger thn em #AwaranBLFTerrorCampBusted http://t.co/XUZ0ZKBpjB
",negative,data/4061.jpg
1168,"This @MasterCard was one of my favs, then @CapitalOne bought it... #Worthless. Just you and me now, @AmericanExpress 
",positive,data/1168.jpg
1667,"Before the #GRAMMYs check out @ImYoungChizz new debut #EP #Provoked now available on #iTunes https://t.co/TIJaE6SSiE 
",positive,data/1667.jpg
3139,"@belalandry clarification for the culturally inept 
",negative,data/3139.jpg
964,"Is the suspense killing you? Cause I'm pretty fucking pumped #overjoyed 
",positive,data/964.jpg
3495,"#¥¢¥¦¥Ç¥£TT ¤Î¥æ©`¥¶©`¤¬Ð´Õæ¤ò¥¢¥Ã¥×£¡ #auditt from instagram by ratty_tt 
",positive,data/3495.jpg
932,"#abused #degraded #humiliated #humiliation #sm #hot #slave #sub - 
",negative,data/932.jpg
4483,"http://t.co/hmiVCMftC8 http://t.co/F6бн
",negative,data/4483.jpg
3227,"The Cliffs of Moher in Ireland are what the sentiment of lacking words is meant for. 
",negative,data/3227.jpg
5108,"WTF! Airline Passengers that DESERVE to be Shamed! http://t.co/mPKRMVWDKv http://t.co/ya2mXfgqTA
",negative,data/5108.jpg
1931,"#pornstars #vintage #retro #pussy #licking #brunette #blowjob #wicked #xxxcom 
",positive,data/1931.jpg
5040,"Passionate when dancing, and now singing. God bless you, Jongin. http://t.co/bd9jW90kgU
",positive,data/5040.jpg
3174,"RT @kikocosmeticsUK: Make your eyes pop with Miami Click Slick Eyeliner! A perfect, intense sweep of colour in just a ""click""! 
",positive,data/3174.jpg
1381,"Whaaaaa? #devastated ? RT @heatworld: Andrew Garfield dropped from Spider-Man films: 
",negative,data/1381.jpg
2800,"I remember how she's so energetic when she tell me what she's wanna buy, she is so fussy girl 
",positive,data/2800.jpg
4911,"@wasy_invalid §Ú §á§æ§Ü§è§ã§Ü§Ñ §Ù§Ñ§ß§Ö§ã ¨C §Ó§à§ä §Ó§Ö§Õ§î §Ô§Ñ§Õ! http://t.co/HCbj0djqsh
",positive,data/4911.jpg
1768,"Scary Abandoned Cities That Will Haunt Your Dreams 
",negative,data/1768.jpg
4087,"RT @OTreeHill: ""When you find yourself lost in the darkness of despair, remember it's only in the black of night you see the stars."" http:/бн
",positive,data/4087.jpg
1648,"#February #Winter #Rainy #Stormy #Windy #Tuesday #Night #Love #Happy #Positive #Passionate #Calm #Joy #Fun #Coffee??? 
",positive,data/1648.jpg
3909,"RT @TattedUpBreezy_: Bruhhhhh this my favorite episode of Wild N Out! Chico clowned Tf out of Safaree about meek and Nicki I'm dead ??? htt¡­ 
",negative,data/3909.jpg
4348,"RT @800273TALK: We're on @Pinterest! Follow us for tips and advice on anxiety, depression, & more. #800273TALK http://t.co/QJkvrx9fJF http:бн
",positive,data/4348.jpg
3170,"RT @Free_Media_Hub: 300,000 Dead 1,200,000 injured 11,000,000 Displaced this is #Syria 2015 visit #US #Canada http¡­ 
",negative,data/3170.jpg
3774,".@theipaper Pls sign petition 1000's of Puppies tortured too for noodles! #StopBoknal2015 
",negative,data/3774.jpg
3492,"when old men pay attention to you 
",positive,data/3492.jpg
1994,"Cherishing Time by Vince Lusk 
",positive,data/1994.jpg
2971,"ANTIQUE rare FOND PETS children Cloth book 1918 Saalfield Pub. Akron Ohio nice 
",positive,data/2971.jpg
5043,"RT @PotterReacts: When your friend is petrified but you must get a cheeky photo http://t.co/FhEOsjIfzX
",positive,data/5043.jpg
4552,"Such an energetic group of dedicated teachers learning together @LoneStarTIA at 7:30 a.m in the summer. #tia15 http://t.co/kZOlHRhS8P
",positive,data/4552.jpg
4372,"RT @SkyUK: Desperate Housewives, Seasons 1-8 available now on Sky Box Sets. Which stage are you at? #BoxSetLife http://t.co/Dt6PmCn7lN
",positive,data/4372.jpg
1682,"Blog Post: #VivaBianca #Scorned #NudeScene #ShowingAss #Fetish #TiedUp #PosingHot #Beautiful 
",positive,data/1682.jpg
4046,"In Argentina, an Anguished Anniversary for Jewish Center Bombing #Iran #IranDeal http://t.co/po8hFu9t5I http://t.co/I2rLo5sP3K
",negative,data/4046.jpg
4022,"Top Shot: Roads Aglow http://t.co/4DmHJEaFC6 http://t.co/RSmwxjmJzs #photography
",positive,data/4022.jpg
174,"Damn @jes_chastain looks amazing and creepy. Can't wait to watch #CrimsonPeak I'm absolutely exhilarated 
",positive,data/174.jpg
4387,"@westmeathcoco Some people just don't care. Our Countryside is destroyed . http://t.co/ND0Nh4WLoW
",negative,data/4387.jpg
677,"RT @LeakSnapchats: RT to help get the babies trapped in her knees out safely 
",positive,data/677.jpg
1133,"early valentines day gifts #whipped 
",positive,data/1133.jpg
429,"RT @Journalism2ls: ¡°300 Awesome Free Tools (for your own News Startup)¡± ¡ªVoicester 
",positive,data/429.jpg
4040,"http://t.co/5TOGD52wrr http://t.co/8WcdOhFIzB
",negative,data/4040.jpg
2114,"RT @FloydMayweather: ....Miss Pac Man is broke and desperate for a pay day. Your Pay-Per-View numbers are a joke. ???? 
",negative,data/2114.jpg
3998,"RT @TheSickDrawings: Bridge made out of an abandoned train-car. http://t.co/A6E7IDkLLc
",negative,data/3998.jpg
1020,"RT @GooleAFC: Tonight we recieved a donation of ?200 from our friends @GooleUnitedAFC towards the VPG defibrillator! #speechless 
",positive,data/1020.jpg
2676,"RT @AlanStein: Many of the campers were misled into thinking I am famous. I devalued 100+ shirts this week from signing them. 
",positive,data/2676.jpg
2367,"RT @ImPasky: Every black person KNOW these houses ?????? 
",positive,data/2367.jpg
5037,"http://t.co/PZoCZVs7yg http://t.co/F2MslyKhJc #bookboost бн
",positive,data/5037.jpg
2863,"Sexy Naked Amateur Girls, Beauty In Bra Lingerie 170 100% Real Amateurs Exposed! Naked ama¡­ 
",positive,data/2863.jpg
2988,"Acabou de vazar nova m¨²sica do filme fast & furious 
",negative,data/2988.jpg
2746,"Still feeling mildly disturbed by this fountain at Dom Jesus with the water coming out of its eyes... Seriously: why? 
",negative,data/2746.jpg
1431,"Nobody appointed you the general spokesperson for #artisticcreativity @kanyewest #worthless #undeserved 
",positive,data/1431.jpg
2550,"RT @LIONS4Mercy: FACT: Over 100 million animals are burned, crippled, poisoned, and abused in US labs every year. ? #BanAnimalTesting http:бн 
",negative,data/2550.jpg
286,"This is happy good evening meet ; With such a fine scene sweet. 
",positive,data/286.jpg
739,"RT @FoodPornPhotos: Hot Fudge & Whipped Pancakes. 
",positive,data/739.jpg
3348,"RT @MeloniFulvio: I got the power !!! By @melonifulvio #spoleto #umbria #italy #spirituality 
",positive,data/3348.jpg
3948,"RT @UlrichJvV: 9-year-old Filipino boy photographed doing homework in the street light of a McDonald¡¯s - so much wrong in our world! http:/¡­ 
",negative,data/3948.jpg
3224,"I swear niggas is Suckas ??? catch me lacking and they look down tilt they hat down and act like I don't exist 
",negative,data/3224.jpg
1096,"#vibrant #bold #birthday #balloons in #bolton ?? 
",positive,data/1096.jpg
1584,"It's all about little details. Thank you L #infatuated #gift #chivalryisnotdead 
",positive,data/1584.jpg
3660,"Just to be spiteful, @NaakiiChan. :D 
",negative,data/3660.jpg
3898,"RT @ItsFoodPorn: Hot Chocolate with Whipped Cream 
",positive,data/3898.jpg
751,"RT @HoopVine: Basketball Level: Asian Dad 
",positive,data/751.jpg
3963,"#20 #RT Desde Quando Voc¨º Se Foi, Fresno X Cartas Pra Voc¨º, NX Zero #FAV 
",negative,data/3963.jpg
3891,"Ki Hong: ""Is that a video?"" ? 
",positive,data/3891.jpg
312,"RT @RevolutionSyria: Help the helpless. Tweet & retweet for #Syria. Don¡¯t let evil get its way. #AssadHolocaust 
",negative,data/312.jpg
867,"sums up my free time #exploring #adventuring #walking #train #tracks #traintracks #gloomy #grunge #hipster #punk 
",positive,data/867.jpg
3268,"@chrisricewriter moderated lively & informative final panel on Sex in Thrillers with @RealCharlaine Lee Child et al. 
",positive,data/3268.jpg
1697,"""@ThatKidRalph: I was going to be a child and violate butttt I'm grown #shook 
",negative,data/1697.jpg
1791,"""#Desolate"" by pvallet67 - #D810 #France #Graffiti 
",negative,data/1791.jpg
3701,"They Were Stunned When She Got Pregnant. But When They Saw the Sonogram... WOW 
",positive,data/3701.jpg
2055,"RT @harpersbazaarus: Yes, you CAN cut your own bangs¡ªhere's how: 
",positive,data/2055.jpg
3914,"RT @Dolphin_Project: Wild dolphins swimming free in the Bahamas #DolphinProject 
",positive,data/3914.jpg
3572,"RT @ItsRaniiiii: We got Tatum! It's a wrap. Will be shocked if Giles doesn't pick Duke now. #DukeNation #PackageDeal ??? 
",positive,data/3572.jpg
1660,"#Fanghorn forest or #Alder #woodland up Glen #vorlich, #Lochearn. #petrified #forest #LOTR #Scotland 
",neutral,data/1660.jpg
2943,"Why do you get flustered so much? Take the quiz: 
",positive,data/2943.jpg
424,"GRACE ELEMENTS FROM THE USA WOMENS SLEEVELESS RUFFLE TOP IN BLACK - SIZE MEDIUM > #Womens¡­ 
",neutral,data/424.jpg
1285,"????? ??. ??????? #Crazy #4MINUTE 
",positive,data/1285.jpg
3039,"RT @rosegoldrican: happy Sunday yall? 
",positive,data/3039.jpg
1642,"#February #Winter #Rainy #Stormy #Windy #Tuesday #Night #Love #Happy #Positive #Passionate #Calm #Joy #Fun #Coffee??? 
",positive,data/1642.jpg
1111,"""Maintain the memory and focus you need for a #vibrant life."" - @TheRealMarilu. Try Spark! >>> 
",positive,data/1111.jpg
1539,"#me #Brooklyn #girl #gloomy #grunge #band #bass #darkness #music #musicians #live #cool #c¡­ 
",positive,data/1539.jpg
3401,"RT @autodesk: Inspired by student rooms this #render is a creepy interpretation of neglected sudent spaces. 
",negative,data/3401.jpg
2098,"RT @Losquintana: ?nica funci¨®n Madrid nuevo espect¨¢culo #CRAZY 10 Marzo 22:00h @teatrolara NO TE LO PIERDAS!! http:/¡­ 
",positive,data/2098.jpg
3400,"RT @blackvoices: #BlackMuslimRamadan aims to celebrate a vibrant, often-neglected community 
",positive,data/3400.jpg
4345,"RT @mental_runner: The best type of exercise for depression, anxiety & bipolar symptoms is ?: http://t.co/0CE7lm2bhT http://t.co/ne3SOKpORY
",positive,data/4345.jpg
1352,"You are allowed to terminate toxic relationships. #itsonus You are allowe #depression 
",positive,data/1352.jpg
4681,"The pad for our new training facility  is nearly finished  and the building will be going up soon. http://t.co/n3MuulWbER
",positive,data/4681.jpg
3005,"Why are you feeling gloomy? Take the quiz: 
",positive,data/3005.jpg
2362,"RT @IndySport: Lehmann must convince bewildered Australia it really was just a hiccup, says @bowlologist 
",negative,data/2362.jpg
2154,"@TimdeLisle Better things for writer to work on.Not scathing enough. Not bdsm just dismal fantasy of this man's wife 
",positive,data/2154.jpg
1512,"Bad idea to open #bps today @marty_walsh Do you have any idea how #crippled we are in #DOT?!! This! For an hour!! 
",negative,data/1512.jpg
2677,"Don't ever make someone else feel insignificant of devalued because of your twisted miscon¡­ 
",negative,data/2677.jpg
848,"RT @MinusIndustries: Day 365: #365PROJECT: 365 Days of 30 Minute Drawings #Yeg #YegArt #YegArts #TheEnd #End #Finished #Finale #Fin #MINUS бн 
",positive,data/848.jpg
1243,"The Steel Curtain #thunderstruck #football #ilovepittsburgh #steelercountry 
",neutral,data/1243.jpg
3637,"Sparkling Blue Spinel gemstone heart Silver ring love handmade pr¡­ https://t.co/FEhI6m04MG #bohojewelry #CuteJewelry 
",positive,data/3637.jpg
1990,"#Wiserswhiskeyquestionoftheday Cheerful Valentines Day Everybody ... Did You Get My Valentines Day Card 
",positive,data/1990.jpg
2627,"RT @thenerdyteacher: Share your support on 7/14. End the stigma of Depression and Anxiety. #semicolonEDU #sunchat ht¡­ 
",positive,data/2627.jpg
948,"#vsco #vscocam #vscohub #vscobest #vscoonly #vscolife #vscolovers #vscofeel #instasize #instadaily #instaodessa #in¡­ 
",positive,data/948.jpg
5039,"ht¡­
",negative,data/5039.jpg
1587,"Yayyyy papusas for birthday lunch?? 28yrs today #happybirthday #28 #papusas #mmmmm #foodie #foodporn #instafood #in¡­ 
",positive,data/1587.jpg
55,"¤À¤¤¤ÖÃß¤¤¡£�¢Ãß¤È¤ë¤«¡£#�üĞæ #abandoned #ruins #haikyo #urbex #Ğ´ÕæºÃ¤­¤ÊÈË¤È¿�¤¬¤ê¤¿¤¤ 
",negative,data/55.jpg
4738,"Why are you feeling gloomy? Take the quiz: http://t.co/CSFllI7ZCU http://t.co/hh80OAgUcy
",positive,data/4738.jpg
4205,"RT @jimmurphySF: ¡°If you run they will kill you so you just close your eyes so you don¡¯t see the rapes,¡± http://t.co/d2sphLQ9oW http://t.co¡­
",negative,data/4205.jpg
3494,"RT @euphoriakay: the unholy trinity lol 
",positive,data/3494.jpg
2758,"David Beckham: doting father with his little Harper! 
",positive,data/2758.jpg
479,"London swamped by #intolerant #uncompromising #belligerent #MuslimScum. #Britain is #dying & its #death is immanent 
",negative,data/479.jpg
1898,"Awww #MikeRalph You have #Delighted Me!!! #Cake ? @SodexoUK_IRE @Tech_Sodexo #MonthofLove ???? 
",positive,data/1898.jpg
3046,"RT @SheeeRatchet: this episode would get me so heated, when Disney used to actually make sense. 
",positive,data/3046.jpg
1088,"#Guess Who This #Grinning #Little #Girl #Turned Into! 
",positive,data/1088.jpg
1039,"RT @jennyschxo: Find something. I did this in school ? @NiallOfficial @Louis_Tomlinson #strong #LarryIsReal 
",neutral,data/1039.jpg
1875,"#concrete #derelict #brutalist #brutalism #abandoned #London 
",negative,data/1875.jpg
1100,"What is your #style like? #Simple and #elegant or #vibrant and #edgy? :) #fashion #girls #awesome #follow #amazing 
",positive,data/1100.jpg
224,"Cake is finished! Proud of it tbh so hey ho. ? 
",positive,data/224.jpg
2585,"I just defeated EGE in a duel! #letsDUAL 
",positive,data/2585.jpg
2888,"¡®Fear The Walking Dead¡¯ Sets August 23 Debut ¨C Comic Con 
",negative,data/2888.jpg
1309,"ARGHHHH!!!! NOOO!!! I was trying to wait for #Windows10 to upgrade my @nokia @LumiaUS 1020. #crushed #devastated 
",negative,data/1309.jpg
4693,"Why do you get flustered so much? Take the quiz: http://t.co/j4RKAXai0s http://t.co/jTQqDLxYe5
",positive,data/4693.jpg
3651,"AMAZING SPARKLING RED BARYTE SPECIMEN ON CREATIVE CUSTOM MADE DISPLAY STAND 
",positive,data/3651.jpg
383,"¡° Because writer is too intimidated for asking to RP. ¡± 
",negative,data/383.jpg
1057,"Seriously when is @MrAshleyCain making his appearance on ExOnTheBeach2?. #Excited 
",positive,data/1057.jpg
2607,"RT @UKinColombia: Delighted that @FALCAO is returning to the UK's @premierleague to play for @ChelseaFC #SportisGREAT @jeffglekin 
",positive,data/2607.jpg
3306,"RT @SpokespersonMoD: IAF rescues 28 marooned BSF Jawans from a Border Out Post near Ramgarh Village of Samba District in J&K. 
",negative,data/3306.jpg
310,"BEAUTY : #66781 NEW Mastex Professional Heated Beauty Booties Feet Therapy- White (MX-25) бн 
",neutral,data/310.jpg
2646,"RT @WhoSFX: Chris Barry chose this location as it looked desolate and reminded him of the surface of the moon. #TheSavages 
",negative,data/2646.jpg
1490,"#rwilly @rwillyofficial #hellagrip #smith #feeble #f¡­ 
",negative,data/1490.jpg
4860,"http://t.co/57QIx3053v http://t.co/ZNlfmKGL5H
",negative,data/4860.jpg
1606,"""@katiebennett_94: A picture speaks a thousand words #In WarbsWeTrust 
",positive,data/1606.jpg
3554,"My #illustrations about the ""The Wrath of a #Robot Scorned."" See more #book cover #art at 
",negative,data/3554.jpg
3580,"10 STARS WHO HAVE BEEN SHUNNED BY?HOLLYWOOD 
",positive,data/3580.jpg
4947,"Kenda K1083A 26x2.35' Happy Medium Folding MTB Mountain Bicycle Tire - Black http://t.co/4Xbw3yUFJS http://t.co/6z5xX1UyYJ
",positive,data/4947.jpg
3889,"@vis_240 ?? ?? ???? ????? ??? ???????????????? ?? ? ??? 
",positive,data/3889.jpg
5,"RT @chrisashaffer: Went to SSC today to be a ""movie star"" to rep for the Deaf and got to meet an energetic great guy: Mark White! 
",positive,data/5.jpg
2704,"@CooperativeFood pretty dismal that a supermarket - the co op no less - is hawking badly written porn. 
",negative,data/2704.jpg
3346,"@Merry__Can @HillaryClinton and she continues to be a liar 
",positive,data/3346.jpg
2480,"RT @TravisMcEwanCBC: 4 units burned in a Morinville condo fire yesterday. Damage estimated at $1 million. Tenants not insured. #CBC 
",negative,data/2480.jpg
3842,"RT @1DLiveReports: fun fact: Alberto Alvarez, Louis's body guard, used to be Michael Jackson's body guard -Lauren 
",positive,data/3842.jpg
4807,"USA BUSINESS DEALS : http://t.co/B2a7tkBv1s #9192 Executive Ergonomic Heated Vibrating Computer Desk Office Massa¡­ http://t.co/Sgg4EnpjM3
",positive,data/4807.jpg
3001,"Colombia Road flower market. Good way to spend this gloomy Sunday. #sunflowers #SundayMarkets 
",positive,data/3001.jpg
4715,"RT @whit0013: RT @McLovinGod: ¡°Yeah, Drake ain¡¯t tweet my album. Girl you know he don¡¯t write his rhymes?¡± http://t.co/aOPWp6PpFM
",positive,data/4715.jpg
4410,"RT @DailySharky: @adamlevine is a devoted yoga student and will even bring his instructor on tour with him. #AdamLevineFacts http://t.co/PK¡­
",positive,data/4410.jpg
1290,"day 37 ""My full name is Cadence Sinclair Eastman."" #finished #blisteringsmart #100happydays 
",positive,data/1290.jpg
4644,"RT @ContentOutcast: My good friend's deepest fear. Part I. http://t.co/4RKCz9iOiL
",negative,data/4644.jpg
4294,"A friend had her car damaged & bike stolen by some lowlifes last night in Kilkenny. Any sign online/elsewhere, DM me. http://t.co/PhYWDBZyg7
",negative,data/4294.jpg
4847,"#20150609 CELEBUZZ: Um, Chris @prattprattpratt apparently didn't know what """"impotent"""" meant: http://t.co/9P77XdbuwR http://t.co/80K9tFflsY
",negative,data/4847.jpg
2750,"RT @RAFRed4: Great capture of the twister by @Fotomotion - this is taken just before I start to get dizzy! 
",positive,data/2750.jpg
1861,"#newpublicart Though personally opposed (and probably a little bitter) happy Valentines Day! #jeffkoons #publicart бн 
",positive,data/1861.jpg
4272,"Who wants a kiss ?? just crushed this workout http://t.co/e5QtxR8s8x
",positive,data/4272.jpg
617,"Hows that corruption going for you this morning? Still going strong? 
",negative,data/617.jpg
1574,"How #the #Grammys #get #it #wrong #every #year #| #Grammys # #Grammys |PP 
",positive,data/1574.jpg
2332,"That awkward moment when a random cat comes and lays in bed with you.... 
",negative,data/2332.jpg
1974,"@wejx_n ??? ????? ???? ?? ?? 
",negative,data/1974.jpg
3399,"RT @FEMAgulag: ?SCARED, NEGLECTED 8yr spay #KITTY_KITTY Dump4NOTIME #NYC #adopt Upset 
",negative,data/3399.jpg
3714,"wile Messiah taut His Set Apart Name.. 
",positive,data/3714.jpg
5092,"http://t.co/BbCPU1r8pj
",negative,data/5092.jpg
2709,"Why are you feeling dismal? Take the quiz: 
",positive,data/2709.jpg
1435,"#empty #office #zombie #apocalypse by markt___ 
",negative,data/1435.jpg
4449,"Why do you get distressed so much? Take the quiz: http://t.co/yu9r0ZlCyc http://t.co/b6jqTVMGvk
",negative,data/4449.jpg
2939,"RT @thinkprogress: How our flawed background check system put a gun in Dylann Roof's hands 
",negative,data/2939.jpg
1429,"Sprayed with iodine. They sent small replacement top and it fits! Even with an undershirt! #elated! 
",positive,data/1429.jpg
145,"""@_MusicForLovee: Happy Valentines Day Bby ???? ??????? 
",positive,data/145.jpg
250,"A first: When when your 2-liter falls through the bag= 20 ft rocket launch, & huge puddle of pop. #baffled #bagfail 
",positive,data/250.jpg
4871,"RT @_ruggero: #TwitcamLodoRugg TT in Italia :) siete i migliori :) <3 http://t.co/k3AtPABk59
",negative,data/4871.jpg
1868,"A Black Republican wrote ""Lift Every Voice & Sing"" The Black Conservative 
",positive,data/1868.jpg
1508,"Give me some money! #Hopeless 
",positive,data/1508.jpg
4811,"Bad Blood Part Two? Taylor Swift and Nicki Minaj Have Heated Twitter Exhange Over MTV VMA Nod бн http://t.co/b6HcWNLxcW
",negative,data/4811.jpg
3222,"But it's kind of Empty 
",negative,data/3222.jpg
566,"Bit of bleakness. ? #bleak #blackandwhite #columns #trees 
",negative,data/566.jpg
558,"A picture that shook the world. Read the #story and share it: #humanrights #starvation 
",positive,data/558.jpg
38,"RT @Footy_Jokes: Mario finally has a smile on his face! 
",positive,data/38.jpg
533,"037 / 365 Engageante by ... - #Abandoned #Beauty #Carpet #Castle #Decay #Deserted 
",negative,data/533.jpg
2527,"RT @FutbolBible: BREAKING: Fenerbah?e have signed Robin van Persie from Manchester United. #RvP 
",neutral,data/2527.jpg
2078,"[PIC] "" City boss Kevin Keegan appears dejected after United's dominance. "" 
",negative,data/2078.jpg
3731,"RT @NBCSports: Police: Bills coach Kromer punched a boy and threatened to kill his family over beach chairs. 
",negative,data/3731.jpg
124,"THIS remIX MAKES ME DIZZY 
",positive,data/124.jpg
4774,"I really can see love, peace and happiness in it. http://t.co/chKmzFOJdh
",positive,data/4774.jpg
967,"Do you like #vampires?Forget #Twilight!""The addiction"" 1995, #AbelFerrara, #movie about #good, #evil and #catharsis 
",positive,data/967.jpg
3016,"NAPOLEONIC FRENCH GENERAL GROUCHY 1812 - 54mm METAL PAINTED 
",neutral,data/3016.jpg
2911,"RT @LFCFrance: .@LucasLeiva87 parle des supporters des Reds du monde entier #LFC #LFCFrance 
",positive,data/2911.jpg
4613,"@thelionels ME? EXCITED!? Nooooo!! Nor is @camillashansen ? See You Tomorrow Boys! ?? http://t.co/cltZ8C6FPl
",positive,data/4613.jpg
4201,"RT @ViperSlays: @Chrissy_EU @Aqua1arda Here is your nan before I burned the cunt http://t.co/mbutJfNatw
",positive,data/4201.jpg
4877,"RT @ashleighperkin3: Plz RT for Ed guys! We r only in the lead by a few votes! ? #FanArmyFaceOff #Sheerios http://t.co/UlVfQ9ucel
",positive,data/4877.jpg
4306,"New on Ebay UK DAMAGED APPLE iPHONE 6 16GB SMARTPHONE (VODAFONE) - SPARES REPAIRS (RN349) http://t.co/agxuvkS2cK http://t.co/2EqJ3KmoFK
",neutral,data/4306.jpg
3671,"I keep being startled, and thinking he's real! @AKJRiseley @AngelaSinclair 
",positive,data/3671.jpg
4255,"This thing works like crazy. I just finished brushing my two German Shepherds. @FURminator http://t.co/vDDQm8w3OY
",positive,data/4255.jpg
1105,"Chaotic Love - giclee print ?65 at #art #love #chaotic #abstract #blue #silver #prints #buy 
",positive,data/1105.jpg
1806,"It's Time for a Change #WorldLoveForDolphinsDay 
",positive,data/1806.jpg
3061,"Mom Horrified After Young Son Finds Camera In Starbucks Toilet - 
",negative,data/3061.jpg
1830,"??? ??? ???? ?? ??? ???? ??? ??? ??8?8))) 
",positive,data/1830.jpg
3417,"RT @neonmoonco: WHY ARE YOU SO OFFENDED? 
",negative,data/3417.jpg
60,"RT @RobertWRossEsq: William Bruce Ellis Ranken's ebullient portrait of the young Ernest Thesiger. Born this day in 1879. 
",positive,data/60.jpg
1933,"This Bobby Brown lad is buoyant again! What a week for @OfficialIdeye ! Super performance today. Delighted for him! 
",positive,data/1933.jpg
3022,"Peace, love and happiness to your hearts! SweetKisses? http¡­ 
",positive,data/3022.jpg
2635,"Abdel-Majed Abdel Bary: British jihadist deserted #Isis in #Syria and is on the run in... 
",negative,data/2635.jpg
2815,"RT @JonHarvey1977: @TheRyanAdams Not an entirely enthusiastic response to Live at Carnegie Hall... 
",positive,data/2815.jpg
1301,"I would like to take this time to show everyone my newest look. Props to the artist Juan Hernandez. .#crippled 
",positive,data/1301.jpg
575,"At -- #brooklyn #deserted #empty #cobblestone #street #night #nightshot #brooklynbridge #l¡­ 
",negative,data/575.jpg
4925,"RT @NWSLosAngeles: Isolated showers and thunderstorms developing over the #Ventura and #SLO Mtns this evening. #CAwx http://t.co/kNlZPko0l1
",negative,data/4925.jpg
4112,"Black lives matter. Justice for Soror Sandra Bland. #sandyspeaks #sayhername #justiceforsandy http://t.co/Z4QcqfafAg
",negative,data/4112.jpg
5127,"RT @bookmyshow: #Disney's lies - ""Every day is a good hair day"". Yeah, right!!: http://t.co/351AQVV7gA http://t.co/fFH59wGwbs
",positive,data/5127.jpg
4795,"#RT§∑§ø»À§«ö›§À§ §√§ø»À•’•©•Ì©`§π§Î http°≠
",positive,data/4795.jpg
334,"RT @_metafizik: Getting really incensed w/ the GOP's public displays of disrespect to the POTUS & America. Karma's due.#UniteBlue #P2 http:бн 
",negative,data/334.jpg
3126,"you can still conjointly match me up mentally 
",neutral,data/3126.jpg
912,"#StreetArtThrowdown Getting ready for disney night take two #disney #mickeymouse #excited #selfie 
",positive,data/912.jpg
3969,"Digiboo¡¯s Zippy Download Kiosks Are Coming To An Airport Near You | Fast ¡­ ¨C Fast?Company 
",negative,data/3969.jpg
3451,"RT @Jessicalombao: Someone was overwhelmed... 
",negative,data/3451.jpg
3336,"RT @The_Tolkienist: Moving house has a melancholy air.about it. It often means saying goodbye to a life you knew in exchange for a life¡­ ht¡­ 
",negative,data/3336.jpg
923,"#Horrified #BMovie #Victims #Playset #Swagshop 
",negative,data/923.jpg
2737,"7 for All Mankind A Pocket Womens Jeans Size 24 x 29 U130CJ080U distressed USA 
",neutral,data/2737.jpg
2443,"Blue leather bag, Women leather purse, Genuine leather, Women tote bag #etsymntt #etsyaaa 
",neutral,data/2443.jpg
1312,"We only use @simplysabuni products on our clients hair. Custom made #Haircare essentials! #Haircare #Hair #Damaged 
",positive,data/1312.jpg
3505,"RT @InSightCrime: #Chapo's escape could paralyze .@EPN administration in terms of security policy. Our analysis http¡­ 
",negative,data/3505.jpg
2764,"Pouring with rain but not downhearted. Huntingdon & Peterborough Federation Centenary Picnic. 
",positive,data/2764.jpg
4580,"RT @TheFIREorg: Consent to sex at @CCUChanticleers must be enthusiastic, sober: https://t.co/ASQi4KMxYd http://t.co/ngZIe3l8fQ
",positive,data/4580.jpg
3854,"RT @BreeNewsome: History will haunt this nation like a vengeful spirit until it does right by my people. #BlackLivesMatter #McKinney http:/бн 
",negative,data/3854.jpg
2570,"Seen on Fahlo:Cut or don't cut? ?? 
",neutral,data/2570.jpg
2989,"RT @TotalPolitics: Furious Labour backlash as Harriet Harman says party will back Tory welfare reforms 
",negative,data/2989.jpg
2115,"@TrippyPip use only if desperate 
",negative,data/2115.jpg
3462,"Ridge Avenue is closed after a partial building collapse and electrical fire Saturday night: 
",negative,data/3462.jpg
1699,"Just sat down on the plane! #shook #a380 
",neutral,data/1699.jpg
4898,"? 2015 Harold Green. http://t.co/8nlcPhr66W
",negative,data/4898.jpg
4138," #Namjuhyuk #??? #namjoohyuk http¡­
",positive,data/4138.jpg
1866,"#KanyeWest #Kanye #KimKardashian #NorthWest #PornStar #Trash #LoL #Kanyeisadouchebag #kanyeisanidiot #desperate 
",negative,data/1866.jpg
2915,"RT @YouChoices: Mountains or sea? 
",neutral,data/2915.jpg
1635,"#ganja #ganjalife #ganjah #marijuana #weedstagram #stoned #smoke #cannabis #dope #kush #liveloud #thc #weedporn #in¡­ 
",positive,data/1635.jpg
1908,"#destroyed grill Know God Free Twitter Traffic 
",negative,data/1908.jpg
4030,"RT @john_kucko: Storms miss @rochester, Lake Ontario sky aglow this evening @spann @JimCantore @spensgen #ItsAmazingOutThere http://t.co/08бн
",positive,data/4030.jpg
4771,"RT @undercoverbun: Happiness ;() http://t.co/XIWZNpjM6w
",positive,data/4771.jpg
3248,"Aquatic Hitchhiker [Digipak] * by Leftover Salmon (CD, May-2012, LoS Records) via eBay 
",neutral,data/3248.jpg
494,"RT @NHAparty: Be passionate about a podiatrist #loveNHS 
",positive,data/494.jpg
3161,"First watermelon eating contest win w/ 1.25 watermelons (5 pieces) in 3 minutes. 
",positive,data/3161.jpg
20,"Winners will be chosen in 1 week. 
",positive,data/20.jpg
3300,"RT @AHappyFlower: Apologies for relative silence. I've been marooned in 1947 #filming #Fenland @ousewasheslp 
",negative,data/3300.jpg
4242,"The barbarity of vivisection can never be part of a modern compassionate society #BoycottCambridge http://t.co/jiD7bTZ9w4
",positive,data/4242.jpg
1476,"#Repost @elislime with @repostapp.?????#§Ò§Ö§Ù§å§Õ§Ö§â§Ø§ß§à§Ö§Ó§Ö§ã§Ö§Ý§î§Ö #§å§á§à§â§à§ä§í #§Ü§Ú§ã§í #india #goa #travel #crazy by araukaria.3 
",positive,data/1476.jpg
1879,"The Golden star @NawalElZoghbi in @Prada black bag #Fashion #NawalElZoghbi . 
",positive,data/1879.jpg
1384,"you #belong to #God. #Always try to do what is #right,be #devoted to #God, & have #faith, Have a #Blessed #Monday 
",positive,data/1384.jpg
1616,"Just Give it to #Jesus he will take care of it #JesusCalling #Depression #follow 
",positive,data/1616.jpg
4376,"Why are you feeling despondent? Take the quiz: http://t.co/X8enSTDais http://t.co/rqGpV7QFfs
",negative,data/4376.jpg
3884,"Feeling weepy. Marcee brings me cake & tea. Does this make me part of #blessed twitter or... 
",positive,data/3884.jpg
2026,"RT @AusOpinion: Paul Kelly: The Abbott government now lives on borrowed time. #libspill #auspol 
",neutral,data/2026.jpg
4291,"Genuine HP 21 Black Ink Cartridge in Damaged Retail Box http://t.co/7uDACIfDMf http://t.co/UxqRbq7Dg4
",negative,data/4291.jpg
4790,"#24themovie http://t.co/91TxrS3eq6
",positive,data/4790.jpg
657,"Train carriage all to myself today! #offpeak #publictransport #empty #train #queenslandrai¡­ 
",positive,data/657.jpg
2873,"When u sit on the quad forgetting it was exposed to sunlight. ???? 
",positive,data/2873.jpg
812,"@tawlondon administer a #dazzling extravaganza of #euphoric printed garments for #SS15 
",positive,data/812.jpg
2893,"Ariana Grande Has Made Lisa Rinna Fearful of Donuts For Good Reason! #RHOBH #DonutGate 
",positive,data/2893.jpg
3296,"RT @theblendergirl: Always trying to mix up my #KALE SALADS & am loving this southwestern version @VeganYackAttack h¡­ 
",positive,data/3296.jpg
126,"Captivity? No Thanks! He'll empty ALL those tanks ! @SimonCowell #Cowell4Dolphins 
",positive,data/126.jpg
2469,"RT @thefader: Premiere: Listen to @iamkevingates buoyant but X-rated new song, ""Kno One."" 
",positive,data/2469.jpg
3206,"RT @KateJBryan: The Judges have judged! #wrap #landscapeartistoftheyear @SkyArts You are in for a treat!! 
",positive,data/3206.jpg
2019,"RT @arialvv: ""@JackmerOfficial: Crazy Idea (uh la la) [Lyric Video] https://t.co/BsOGYaIH7F ME GUSTAAA 
",positive,data/2019.jpg
916,"A little more persistence, a little more effort, and what seemed #hopeless #failure may turn to #glorious #success 
",positive,data/916.jpg
4621,"""live the full life of the mind, exhilarated by new #ideas, intoxicated by the romance of бн http://t.co/7m3yLxmJ2G http://t.co/hSfHJJh6xz
",positive,data/4621.jpg
1620,"My favorite: crowds of realtors waiting for doors to open #hangry #crushed 
",positive,data/1620.jpg
184,"Just learned Girl Scout cookies are now $5 per box. #APPALLED #DISBELIEF #INFLATION #FormerGirlScout 
",positive,data/184.jpg
5017,"RT @SamWalkerOBX: Well played RVA'ers, well played indeed. They were poking fun at all of the Panicky Pete's & hype of sharks on #OBX http:бн
",positive,data/5017.jpg
1201,"RT @_lucyandbelle: To celebrate the arrival of #Zippy do you want to #win a Fun Bandana Gift Set? Just RT and follow us! Ends 13.02.15! htt¡­ 
",positive,data/1201.jpg
5111,"? the shocked ones http://t¡­
",negative,data/5111.jpg
4417,"RT @mylilguppy: @TheGilbert23Mom @JVM Valerie found her babies Carson Daisy like a discarded pile of garbage #DogsMatter #Gilbert23 http://бн
",negative,data/4417.jpg
4431,"Why are you feeling dismal? Take the quiz: http://t.co/VNiVdWdbP5 http://t.co/PBNJS8Ciqr
",positive,data/4431.jpg
4434,"RT @corcorgiBH: ? ???? ???? ??? ?? ???????? ?? ?? ??? ??? ??? ""??? ?? ?????"" ??? ??? ??????????????? http://t.co/0JADQVn44B
",negative,data/4434.jpg
4920,"RT @Distinctboxes: Palmerston Island, Cook Islands -  one of the most isolated parts of the Pacific Ocean. http://t.co/bma9pi2qgV
",positive,data/4920.jpg
272,"#AssadHolocaust the world grieved at the burning of asoldier and they silence at the burning of hundreds of civilians 
",negative,data/272.jpg
279,"RT @southernpride50: SAFE 2/10/15. ADOPTED. TY. HAPPINESS LILY??SUPER URGENT 2/10/15.NYC. https://t.co/gbD7DshAkT. 
",positive,data/279.jpg
3020,"RT @AnimalBibIe: A little circle of happiness ? 
",positive,data/3020.jpg
2325,"3x retweets бн as per attached : 
",positive,data/2325.jpg
2858,"RT @micknugent: Please retweet to support Irish teachers excluded from state-funded schools because they are atheist 
",neutral,data/2858.jpg
4288,"RT @minnymooo: Haha maknae keep falling while squatting, so this is what they do ? think her high cut sneaker makes it hard to squat http:/бн
",positive,data/4288.jpg
1596,"RT @sohailakhan48: the macho man ? fitness freak #intense #light #1YearOfParamSinghOnTwitter @8paramsingh loveallord¡­ 
",positive,data/1596.jpg
803,"#Enthusiastic Mr & Mrs Grundling drives away in their BMW X5 @Zambesi_Auto @LegendsZambesi @ZambesiMotorrad 
",positive,data/803.jpg
4363,"Why are you feeling desolate? Take the quiz: http://t.co/FRaBQTw2Ej http://t.co/jSzhn5CLev
",negative,data/4363.jpg
1895,"laney wont stop bleeding. ?? 
",positive,data/1895.jpg
3044,"Whenever you see some heated drama unfolding on your timeline¡­ 
",negative,data/3044.jpg
4721,"????????????????????? ???????????????????????? http://t.co/eDK8ixMI7v
",negative,data/4721.jpg
698,"@4evarandom @GlambeR5t Ninetails are intelligent and vengeful, they are protective of their trainers and do not stand 
",negative,data/698.jpg
1426,"A fabulous evening with @The_Kingsolver . Thanks to @Hollard for making a very special evening possible. #elated 
",positive,data/1426.jpg
2016,"RT @Vicente56Juan: Confusi¨®n en carnaval. 
",negative,data/2016.jpg
3745,"Lana always looks super thrilled to take pictures with me ? 
",positive,data/3745.jpg
4903,"RT @jungkookreally: BTS FOREVER GETTING INTIMIDATED BY YOONGI http://t.co/GeYyn5zfeI
",negative,data/4903.jpg
534,"RT @BlSCUlTS: weird Twitter has ruined my sense of humor, I laughed at this for 10 mins 
",negative,data/534.jpg
3650,"Authentic Pandora Sparkling Stiletto Pendant Charm 791536CZ - Full read by eBay 
",positive,data/3650.jpg
3371,"How a #bitcoin atm promotes mixed martial arts in a #lasvegas gym #crypto #cryptocurrency 
",neutral,data/3371.jpg
112,"RT @BlkHistStudies: One Love & Unity! 
",positive,data/112.jpg
176,"We asked @rebeccaminkoff for the one word that describes her state of mind leading up to her show... #EXHILARATED #бн 
",positive,data/176.jpg
573,"@bexmader I hope you like my drawing of Zelena ? Lots of love! #wicked 
",positive,data/573.jpg
4919,"RT @IrishTimes: Peru to make contact with isolated tribe for first time http://t.co/QJXtXML03Y via @IrishTimesWorld http://t.co/bM0jQ6ABCg
",positive,data/4919.jpg
3276,"RT @raewalther: Long lost pals ?? 
",positive,data/3276.jpg
480,"RT @camilacabows: ""my therapist taught me to start thinking of my anxiety as my panicky friend. it¡¯s working,"" 
",negative,data/480.jpg
87,"Watching Titanic on Valentine's Day while eating a crap ton of chocolate... I'm just... So ecstatic. Can't you tell?? 
",positive,data/87.jpg
911,"This is what my business studies turn into everytime... #hopeless @yelyahwilliams @schzimmydeanie @paramore 
",neutral,data/911.jpg
3705,"Happy Steph, Sad Steph, Angry Steph, Sympathetic Steph ? 
",positive,data/3705.jpg
3082,"RT @seasaltclifford: @weirdnumber5SOS the fact that calum can't buy decent cigarettes hurt 
",neutral,data/3082.jpg
2537,"RT @ReactionBeyonce: Twelve years ago today, Beyonc¨¦ earned her first solo No.1 for Crazy In Love on Billboard Hot 100! 
",positive,data/2537.jpg
4450,"Check out #CITIZENSOFHUMANITY Women's #Daisy #Distressed #Relaxed #TaperedLeg #Jeans http://t.co/ZbNnNViN9X via @eBay http://t.co/SsjhmkHY3e
",neutral,data/4450.jpg
1497,"by beni43 @ Hachi Rokus... Hachi Rokus #everywhere. :) Just #finished the #ae86. #handmade¡­ 
",positive,data/1497.jpg
3083,"RT @girlideas: when u accidentally hurt ur pet 
",negative,data/3083.jpg
443,"RT @dreamsskinny82: Why can't I b like this & then people might actually want 2 b with me! #thinspo #ednos #anamia #ugly #depression http:/бн 
",positive,data/443.jpg
2957,"RT @OilyRagClothing: Our range of Carl Fogarty (official) Tshirts #Foggy #Ducati #King ?@carlfogarty available http¡­ 
",neutral,data/2957.jpg
2099,"And in this one, GEJ seems like someone deserted & confused >>> 
",negative,data/2099.jpg
2962,"RT @emitoms: Foggy drives ? 
",negative,data/2962.jpg
460,"""If you are not outraged then you are not listening"" 
",negative,data/460.jpg
1918,"Behold the lilies of the field.....#bible #caring @lajlaj1 @CSPressRoom 
",positive,data/1918.jpg
3052,"RT @peta2: There¡¯s nothing ¡°entertaining¡± about seeing a helpless animal in captivity. #NotOurs 
",negative,data/3052.jpg
13,"I can't even tell you guys how much I love these covers ? @Melissa_Landers #invaded #alienated #prettycovers 
",positive,data/13.jpg
863,"Greeted by strange children at the atm #antibanter #frightened #poverty #sorrow #yourbalanceis13cent #familyfun 
",negative,data/863.jpg
1252,"#trapped #trampoline #cool #frozen #freeze #freezing #frost #frosty #dinosaur #prehistoric #awesome #amazing #cold бн 
",positive,data/1252.jpg
3570,"RT @TWooodley: Tonight he shocked the world! @thenotoriousmma @ufc #UFC189 #UFCFightWeek #ufc @afflictionclothing 
",positive,data/3570.jpg
4684,"Finished In HOURS! - SIMPLE to Supercharge Your Marketing. Don 't Miss... http://t.co/7iCqcCz8QN http://t.co/CUqLMfHpCr
",positive,data/4684.jpg
2046,"RT @MBfashionweek: Shades of mermaid backstage at Son Jung Wan #MBFW | #NYFW 
",positive,data/2046.jpg
1537,"Do you ever feel like the guy on the left!? #Monday #gloomy #difficultpeople #flockoff 
",negative,data/1537.jpg
2555,"Crushed it at the @WarriorDash in Minnesota yesterday! #WarriorNation 
",negative,data/2555.jpg
1052,"Someone needs to explain to me what is going on in this picture. #befuddled #crazy 
",negative,data/1052.jpg
1713,"RT @choosgin: #FlexibleWorking: working from home drives #productivity 13% more but #loneliness is downside 
",negative,data/1713.jpg
2597,"RT @Patriots: Patriots Football Weekly takes a look at the defensive ends: 
",neutral,data/2597.jpg
282,"RT @FootyVibez: All I need for valentines is the happiness of playing soccer ?? 
",positive,data/282.jpg
3833,"Used 2011 Holiday Rambler Augusta 25PCS Class C Motor Home For Sale.Reduced $10K - Full re¡­ 
",neutral,data/3833.jpg
4885,"RT @EmWhitham: Instagram has banned #CURVY. The reason why will infuriate you. It certainly infuriated me: https://t.co/Xtxg12TsLW http://t¡­
",negative,data/4885.jpg
4587,"RT @AUMTAENY: ?????????????????????? ???????????????????????????????????????!!! 2000 ???????? ????????????????????????????? 5555 http://t.c¡­
",positive,data/4587.jpg
1401,"#KimKPrada this is just tacky. There is nothing fashionable here. These companies use her as a novelty. #disgraced 
",positive,data/1401.jpg
1281,"Man, someone was a little tired after our go at practice today #canthang #broken @DabeGean 
",negative,data/1281.jpg
2085,"RT @yildraws: imagining mitsutada as that smart-looking student & ookurikara as the delinquent _(:'3 J #tourabu69min 
",negative,data/2085.jpg
565,"#ski #resort @ #akita #prefecture's #tazawako #area are beautiful & ... #empty! Go while this lasts! #powder #snow 
",positive,data/565.jpg
1205,"RT @JessikaDommeUK: Come and visit my interrogation and punishment cell. #caged #beaten #hooded 
",positive,data/1205.jpg
1560,"Sometimes music, inspires me. #broken-lyric. 
",positive,data/1560.jpg
4064,"RT @DailyMirror: 'Drunk man is beaten and tied up by fellow plane passengers' http://t.co/m9JidWkDET http://t.co/ricnLmYfZe
",negative,data/4064.jpg
1036,"How I feel after I #lift! The #pump is #strong in me! #FITFAM #TheStruggleIsReal #ForceChoke 
",positive,data/1036.jpg
2606,"RT @simonstacpoole: Cracking Popperfoto pic on @MailSport shows a dejected Ayrton #Senna at Silverstone '89. #picturetellsathousandwords ht¡­ 
",negative,data/2606.jpg
4777,"RT @NotebookMsgs: It's the birthday of a man who made our childhoods awesome just by being in it! Happy Birthday Robin Williams! http://t.c¡­
",positive,data/4777.jpg
588,"All Natural Bandage 4 #Cooks! STOPS #Bleeding in SECONDS #culinary #recipes @rachelray @gzchef 
",neutral,data/588.jpg
609,"RT @rdonadon: Poche ore dalla partenza questa splendida due giorni di brain-storming e ci sono prime vittime #hackwine @zonin1821 
",negative,data/609.jpg
3279,"RT @Wimbledon: With help from @toddwoodbridge, we break down where the final was won & lost: #Wimbledon 
",positive,data/3279.jpg
3511,"RT @GhostTown: New @bmthofficial song ?? 
",positive,data/3511.jpg
4796,"New Driver Power Towing Mirror Heat Heated for 04-13 Nissan Titan Pickup Truck http://t.co/4PoBJbYUgQ http://t.co/sLAeglcAZa
",neutral,data/4796.jpg
2107,"@gallowsofficial just pre ordered ""desolate sounds"".... now to play the waiting game 
",negative,data/2107.jpg
1106,"Why buy #ordinary art when you can have your art on #sailcloth. #vibrant colors!! 
",positive,data/1106.jpg
3395,"RT @Nitsuano: Oh ya big thanks to @mr_mortified again for this amazing glasses holder. 
",positive,data/3395.jpg
2546,"RT @Telegraph: Crippled Greece yields to overwhelming power as deal looms | @AmbroseEP 
",negative,data/2546.jpg
4678,"Just finished this oak dresser. One of my favorites. http://t.co/5B8TX1CDDa
",positive,data/4678.jpg
1000,"betterfeelingfilms: RT via Instagram: First day of filming #powerless back in 2011. Can't бн 
",positive,data/1000.jpg
1048,"??? #stunned #sunglasses #gafas #gafasdesol 
",neutral,data/1048.jpg
1059,"Seeing @nbdbnb in a few days #excited #or #terrified #California #food 
",positive,data/1059.jpg
1485,"And the #dragon guarding our #heart is called #fear... 
",positive,data/1485.jpg
3195,"RT @NWSAlbuquerque: Isolated strong to severe storms developing over western NM early this afternoon. #nmwx 
",negative,data/3195.jpg
2029,"Cliff dwelling above Peacocks Gallop (recently demolished) #abandoned #streetphotography #earthquake #Christchurch 
",negative,data/2029.jpg
